rid,tract
W1M1_01000002,11001007200
W1M1_01000009,11001001001
W1M1_01000012,11001004100
W1M1_01000013,11001006900
W1M1_01000016,11001003900
W1M1_01000019,11001001302
W1M1_01000021,11001008302
W1M1_01000024,11001000501
W1M1_01000028,11001007200
W1M1_01000033,11001006600
W1M1_01000037,11001008001
W1M1_01000039,11001003900
W1M1_01000055,11001000502
W1M1_01000066,11001000902
W1M1_01000072,11001004202
W1M1_01000082,11001000801
W1M1_01000083,11001006700
W1M1_01000086,11001001200
W1M1_01000091,11001000600
W1M1_01000095,11001001200
W1M1_01000099,11001002701
W1M1_01000100,11001004201
W1M1_01000107,11001000701
W1M1_01000111,11001001402
W1M1_01000127,11001004902
W1M1_01000128,11001008302
W1M1_01000135,11001003800
W1M1_01000140,11001009201
W1M1_01000142,11001008002
W1M1_01000143,11001001001
W1M1_01000146,11001005301
W1M1_01000148,11001000701
W1M1_01000149,11001002701
W1M1_01000150,11001001301
W1M1_01000153,11001008002
W1M1_01000172,11001006600
W1M1_01000176,11001007100
W1M1_01000178,11001001401
W1M1_01000180,11001005002
W1M1_01000192,11001005301
W1M1_01000201,11001001200
W1M1_01000202,11001000100
W1M1_01000207,11001002702
W1M1_01000208,11001010100
W1M1_01000211,11001007100
W1M1_01000212,11001001302
W1M1_01000213,11001001100
W1M1_01000216,11001004300
W1M1_01000218,11001006700
W1M1_01000219,11001004201
W1M1_01000223,11001001001
W1M1_01000236,11001010800
W1M1_01000237,11001010100
W1M1_01000239,11001001500
W1M1_01000242,11001001302
W1M1_01000245,11001008001
W1M1_01000256,11001001002
W1M1_01000258,11001010200
W1M1_01000266,11001001200
W1M1_01000267,11001006802
W1M1_01000271,11001004400
W1M1_01000279,11001001401
W1M1_01000289,11001005500
W1M1_01000294,11001007200
W1M1_01000301,11001010600
W1M1_01000307,11001001702
W1M1_01000310,11001001002
W1M1_01000312,11001003900
W1M1_01000313,11001001301
W1M1_01000315,11001010600
W1M1_01000321,11001004002
W1M1_01000324,11001007000
W1M1_01000328,11001000300
W1M1_01000344,11001007100
W1M1_01000351,11001000702
W1M1_02000014,11001002400
W1M1_02000020,11001003100
W1M1_02000035,11001003800
W1M1_02000042,11001002801
W1M1_02000053,11001002502
W1M1_02000057,11001002001
W1M1_02000062,11001009501
W1M1_02000078,11001002802
W1M1_02000080,11001002201
W1M1_02000088,11001002502
W1M1_02000089,11001010300
W1M1_02000091,11001002701
W1M1_02000092,11001002102
W1M1_02000093,11001002102
W1M1_02000098,11001009501
W1M1_02000119,11001003700
W1M1_02000143,11001003600
W1M1_02000167,11001002501
W1M1_02000168,11001002202
W1M1_02000175,11001002502
W1M1_02000187,11001003800
W1M1_02000188,11001002801
W1M1_02000212,11001001804
W1M1_02000213,11001003600
W1M1_02000217,11001001804
W1M1_02000220,11001002801
W1M1_02000224,11001001901
W1M1_02000227,11001005002
W1M1_02000230,11001002701
W1M1_02000248,11001001803
W1M1_02000254,11001002101
W1M1_02000255,11001002900
W1M1_02000262,11001002101
W1M1_02000269,11001002701
W1M1_02000277,11001002900
W1M1_02000279,11001010300
W1M1_02000287,11001010300
W1M1_02000299,11001002400
W1M1_02000302,11001002702
W1M1_02000310,11001010300
W1M1_02000311,11001003800
W1M1_02000327,11001010300
W1M1_02000336,11001001901
W1M1_02000337,11001003700
W1M1_02000338,11001002802
W1M1_02000345,11001002102
W1M1_02000351,11001002101
W1M1_02000357,11001003800
W1M1_02000373,11001002102
W1M1_02000387,11001002802
W1M1_02000388,11001010300
W1M1_02000412,11001002502
W1M1_02000414,11001002002
W1M1_02000416,11001001804
W1M1_02000418,11001003800
W1M1_02000423,11001003500
W1M1_02000424,11001002101
W1M1_02000427,11001003100
W1M1_02000438,11001003800
W1M1_02000439,11001003700
W1M1_02000457,11001002900
W1M1_02000458,11001002202
W1M1_02000469,11001003700
W1M1_02000475,11001002802
W1M1_02000483,11001005002
W1M1_03000014,11001001902
W1M1_03000032,11001011100
W1M1_03000057,11001009902
W1M1_03000060,11001009203
W1M1_03000072,11001001600
W1M1_03000096,11001009804
W1M1_03000101,11001008804
W1M1_03000102,11001009509
W1M1_03000104,11001009802
W1M1_03000109,11001007709
W1M1_03000113,11001011100
W1M1_03000122,11001008702
W1M1_03000126,11001010500
W1M1_03000127,11001007806
W1M1_03000132,11001007401
W1M1_03000136,11001008802
W1M1_03000137,11001007503
W1M1_03000154,11001008804
W1M1_03000158,11001007409
W1M1_03000170,11001009400
W1M1_03000183,11001001600
W1M1_03000197,11001009302
W1M1_03000209,11001010600
W1M1_03000215,11001007100
W1M1_03000220,11001006400
W1M1_03000221,11001008804
W1M1_03000238,11001009508
W1M1_03000244,11001002102
W1M1_03000250,11001007708
W1M1_03000262,11001009901
W1M1_03000271,11001009901
W1M1_03000276,11001009508
W1M1_03000285,11001002002
W1M1_03000295,11001007703
W1M1_03000300,11001006801
W1M1_03000302,11001009509
W1M1_03000305,11001009604
W1M1_03000319,11001009901
W1M1_03000321,11001007806
W1M1_03000330,11001009302
W1M1_03000338,11001007409
W1M1_03000344,11001009508
W1M1_03000345,11001009601
W1M1_03000346,11001007809
W1M1_03000347,11001010500
W1M1_03000350,11001009700
W1M1_03000356,11001009503
W1M1_03000360,11001009508
W1M1_03000363,11001010300
W1M1_03000376,11001009603
W1M1_03000385,11001007707
W1M1_03000399,11001007901
W1M1_03000408,11001011000
W1M1_03000411,11001007502
W1M1_03000420,11001009810
W1M1_03000421,11001003301
W1M1_03000423,11001009807
W1M1_03000428,11001009509
W1M1_03000430,11001009700
W1M1_03000436,11001009801
W1M1_03000437,11001002301
W1M1_03000440,11001007708
W1M1_03000447,11001009400
W1M1_03000459,11001007707
W1M1_03000464,11001009906
W1M1_03000465,11001004600
W1M1_03000466,11001009509
W1M1_03000510,11001007708
W1M1_03000522,11001006400
W1M1_03000523,11001007605
W1M1_03000525,11001009810
W1M1_03000542,11001001803
W1M1_03000543,11001009301
W1M1_03000545,11001011000
W1M1_03000556,11001007601
W1M1_03000561,11001002600
W1M1_03000562,11001007604
W1M1_03000574,11001009504
W1M1_03000581,11001009811
W1M1_03000584,11001008702
W1M1_03000595,11001008804
W1M1_03000606,11001006400
W1M1_03000609,11001002102
W1M1_03000620,11001007406
W1M1_03000625,11001008904
W1M1_03000636,11001009000
W1M1_03000644,11001009604
W1M1_03000647,11001001702
W1M1_03000649,11001003301
W1M1_03000660,11001008802
W1M1_03000662,11001002400
W1M1_03000667,11001010400
W1M1_03000674,11001006801
W1M1_03000684,11001010500
W1M1_03000695,11001009603
W1M1_03000701,11001009902
W1M1_03000723,11001009801
W1M1_03000724,11001011000
W1M1_03000739,11001009905
W1M1_03000778,11001009803
W1M1_03000786,11001007703
W1M1_03000787,11001006400
W1M1_03000796,11001009902
W1M1_03000809,11001001902
W1M1_03000813,11001008702
W1M1_03000827,11001009802
W1M1_03000831,11001011000
W1M1_03000835,11001009603
W1M1_03000841,11001001902
W1M1_03000846,11001008802
W1M1_03000852,11001010300
W1M1_03000865,11001010600
W1M1_03000868,11001007809
W1M1_03000872,11001006801
W1M1_03000885,11001007903
W1M1_03000895,11001009601
W1M1_03000903,11001009807
W1M1_03000910,11001009601
W1M1_03000914,11001008702
W1M1_03000916,11001007601
W1M1_04000008,24031700204
W1M1_04000009,24031700208
W1M1_04000013,24031700312
W1M1_04000019,24031700826
W1M1_04000041,24031701409
W1M1_04000049,24031700608
W1M1_04000058,24031700616
W1M1_04000070,24031705601
W1M1_04000073,24031703218
W1M1_04000076,24031704200
W1M1_04000084,24031704600
W1M1_04000091,24031705602
W1M1_04000092,24031700616
W1M1_04000100,24031700717
W1M1_04000102,24031706008
W1M1_04000119,24031700206
W1M1_04000139,24031701006
W1M1_04000141,24031706009
W1M1_04000145,24031700103
W1M1_04000148,24031701005
W1M1_04000156,24031700616
W1M1_04000158,24031703000
W1M1_04000169,24031701214
W1M1_04000172,24031705902
W1M1_04000187,24031700311
W1M1_04000188,24031701221
W1M1_04000190,24031701205
W1M1_04000208,24031700904
W1M1_04000222,24031704401
W1M1_04000228,24031701214
W1M1_04000241,24031704806
W1M1_04000245,24031701316
W1M1_04000253,24031700606
W1M1_04000255,24031703902
W1M1_04000257,24031702900
W1M1_04000275,24031704502
W1M1_04000276,24031703201
W1M1_04000290,24031704502
W1M1_04000291,24031701213
W1M1_04000294,24031704503
W1M1_04000299,24031705400
W1M1_04000302,24031703901
W1M1_04000307,24031701221
W1M1_04000315,24031700205
W1M1_04000316,24031700904
W1M1_04000317,24031701004
W1M1_04000318,24031700101
W1M1_04000321,24031701211
W1M1_04000323,24031700604
W1M1_04000324,24031700718
W1M1_04000329,24031700500
W1M1_04000330,24031705100
W1M1_04000333,24031701214
W1M1_04000344,24031704404
W1M1_04000356,24031700611
W1M1_04000358,24031702900
W1M1_04000366,24031700904
W1M1_04000368,24031705300
W1M1_04000371,24031703221
W1M1_04000374,24031704501
W1M1_04000379,24031704300
W1M1_04000381,24031705100
W1M1_04000397,24031704803
W1M1_04000404,24031706011
W1M1_04000409,24031700828
W1M1_04000411,24031703218
W1M1_04000427,24031701216
W1M1_04000437,24031706011
W1M1_04000440,24031700310
W1M1_04000442,24031701004
W1M1_04000452,24031704804
W1M1_04000458,24031700500
W1M1_04000468,24031701205
W1M1_04000471,24031700105
W1M1_04000473,24031700610
W1M1_04000474,24031703218
W1M1_04000484,24031701800
W1M1_04000502,24031704100
W1M1_04000504,24031700101
W1M1_04000507,24031705701
W1M1_04000519,24031700607
W1M1_04000521,24031700306
W1M1_04000522,24031706013
W1M1_04000526,24031701216
W1M1_04000533,24031703219
W1M1_05000012,24031700822
W1M1_05000023,24031703501
W1M1_05000024,24031702101
W1M1_05000033,24031700815
W1M1_05000035,24031700724
W1M1_05000039,24031703209
W1M1_05000040,24031701219
W1M1_05000051,24031703404
W1M1_05000056,24031700812
W1M1_05000060,24031703209
W1M1_05000081,24031703212
W1M1_05000084,24031701102
W1M1_05000102,24031701101
W1M1_05000103,24031700813
W1M1_05000114,24031700721
W1M1_05000115,24031703702
W1M1_05000122,24031703209
W1M1_05000131,24031703301
W1M1_05000132,24031703401
W1M1_05000155,24031704000
W1M1_05000157,24031700813
W1M1_05000161,24031703201
W1M1_05000168,24031704000
W1M1_05000179,24031702101
W1M1_05000184,24031703212
W1M1_05000188,24031701101
W1M1_05000189,24031700815
W1M1_05000195,24031700822
W1M1_05000198,24031703209
W1M1_05000202,24031703401
W1M1_05000206,24031704000
W1M1_05000220,24031700717
W1M1_05000263,24031702000
W1M1_05000266,24031704000
W1M1_05000273,24031701102
W1M1_05000280,24031702101
W1M1_05000290,24031702200
W1M1_05000295,24031701602
W1M1_05000300,24031700715
W1M1_05000302,24031700704
W1M1_05000303,24031701102
W1M1_05000317,24031703210
W1M1_05000326,24031703404
W1M1_05000334,24031701102
W1M1_05000341,24031702000
W1M1_05000366,24031703207
W1M1_05000373,24031700719
W1M1_05000375,24031700719
W1M1_05000376,24031701201
W1M1_05000409,24031703100
W1M1_05000426,24031700711
W1M1_05000435,24031701703
W1M1_05000455,24031701201
W1M1_05000468,24031703501
W1M1_05000483,24031700822
W1M1_05000504,24031700715
W1M1_05000515,24031701101
W1M1_05000531,24031703701
W1M1_05000533,24031702000
W1M1_05000551,24031704000
W1M1_05000556,24031701102
W1M1_05000557,24031703902
W1M1_05000565,24031701101
W1M1_05000571,24031701602
W1M1_05000577,24031702301
W1M1_05000587,24031703401
W1M1_05000591,24031703701
W1M1_05000620,24031703403
W1M1_06000002,24031701415
W1M1_06000005,24031701800
W1M1_06000006,24031702500
W1M1_06000013,24031703215
W1M1_06000022,24031703800
W1M1_06000043,24031701423
W1M1_06000055,24031701418
W1M1_06000067,24031702402
W1M1_06000070,24031700104
W1M1_06000073,24031703212
W1M1_06000089,24031701417
W1M1_06000099,24031700309
W1M1_06000100,24031702500
W1M1_06000103,24031701800
W1M1_06000123,24031703800
W1M1_06000132,24031701505
W1M1_06000137,24031700310
W1M1_06000147,24031703214
W1M1_06000157,24031701505
W1M1_06000158,24031701421
W1M1_06000171,24031701503
W1M1_06000183,24031700815
W1M1_06000204,24031701506
W1M1_06000209,24031701414
W1M1_06000214,24031701415
W1M1_06000218,24031700309
W1M1_06000219,24031703214
W1M1_06000224,24031700834
W1M1_06000250,24031701418
W1M1_06000251,24031701410
W1M1_06000282,24031703220
W1M1_06000285,24031702500
W1M1_06000303,24031702500
W1M1_06000322,24031703220
W1M1_06000327,24031701414
W1M1_06000342,24031700104
W1M1_06000345,24031700834
W1M1_06000360,24031701509
W1M1_06000365,24031700722
W1M1_06000381,24031703214
W1M1_06000383,24031703213
W1M1_06000406,24031701506
W1M1_06000416,24031701417
W1M1_06000421,24031702500
W1M1_06000426,24031700834
W1M1_06000446,24031701414
W1M1_06000458,24031701503
W1M1_06000470,24031702800
W1M1_06000477,24031702402
W1M1_06000484,24031703209
W1M1_06000488,24031702301
W1M1_06000514,24031702500
W1M1_06000524,24031700722
W1M1_06000543,24031702500
W1M1_06000545,24031701418
W1M1_06000546,24031702500
W1M1_06000550,24031700310
W1M1_06000553,24031703216
W1M1_06000554,24031701414
W1M1_06000558,24031701423
W1M1_06000561,24031702800
W1M1_06000564,24031701410
W1M1_06000567,24031702402
W1M1_06000587,24031700104
W1M1_06000590,24031702500
W1M1_06000593,24031702500
W1M1_06000600,24031700614
W1M1_07000006,24033800402
W1M1_07000020,24033800212
W1M1_07000024,24033800513
W1M1_07000033,24033805000
W1M1_07000042,24033800212
W1M1_07000044,24033800401
W1M1_07000045,24033800206
W1M1_07000047,24033803606
W1M1_07000048,24033806800
W1M1_07000049,24033806200
W1M1_07000050,24033800513
W1M1_07000054,24033807405
W1M1_07000077,24033805000
W1M1_07000088,24033805909
W1M1_07000097,24033806400
W1M1_07000116,24033800408
W1M1_07000125,24033806800
W1M1_07000131,24033800203
W1M1_07000138,24033800215
W1M1_07000149,24033800106
W1M1_07000158,24033807200
W1M1_07000159,24033800105
W1M1_07000164,24033800511
W1M1_07000172,24033800504
W1M1_07000181,24033800105
W1M1_07000182,24033801404
W1M1_07000194,24033806400
W1M1_07000202,24033807404
W1M1_07000212,24033801404
W1M1_07000217,24033800402
W1M1_07000220,24033800513
W1M1_07000221,24033806400
W1M1_07000224,24033800505
W1M1_07000230,24033806100
W1M1_07000235,24033804900
W1M1_07000246,24033800513
W1M1_07000268,24033807407
W1M1_07000275,24033800513
W1M1_07000295,24033800402
W1M1_08000033,24033804802
W1M1_08000036,24033800213
W1M1_08000039,24033807405
W1M1_08000040,24033803605
W1M1_08000054,24033807102
W1M1_08000059,24033806000
W1M1_08000062,24033804600
W1M1_08000068,24033805700
W1M1_08000088,24033803610
W1M1_08000094,24033807305
W1M1_08000111,24033804400
W1M1_08000117,24033807305
W1M1_08000140,24033800213
W1M1_08000149,24033803700
W1M1_08000163,24033803605
W1M1_08000195,24033803803
W1M1_08000204,24033804102
W1M1_08000206,24033803608
W1M1_08000209,24033803606
W1M1_08000225,24033803605
W1M1_08000233,24033804400
W1M1_08000242,24033807305
W1M1_08000245,24033805201
W1M1_08000251,24033806601
W1M1_08000281,24033807404
W1M1_08000298,24033806300
W1M1_08000301,24033803803
W1M1_08000306,24033807304
W1M1_08000377,24033803803
W1M1_08000411,24033803612
W1M1_09000005,24033801808
W1M1_09000008,24033803516
W1M1_09000023,24033801802
W1M1_09000024,24033802204
W1M1_09000045,24033802803
W1M1_09000067,24033801904
W1M1_09000075,24033800206
W1M1_09000086,24033803523
W1M1_09000090,24033803608
W1M1_09000094,24033802405
W1M1_09000103,24033803522
W1M1_09000108,24033800607
W1M1_09000121,24033802106
W1M1_09000129,24033800413
W1M1_09000141,24033801312
W1M1_09000157,24033803514
W1M1_09000165,24033801216
W1M1_09000180,24033802600
W1M1_09000189,24033803520
W1M1_09000196,24033801214
W1M1_09000197,24033801309
W1M1_09000201,24033800509
W1M1_09000209,24033800707
W1M1_09000212,24033801805
W1M1_09000221,24033801216
W1M1_09000232,24033803100
W1M1_09000247,24033800206
W1M1_09000255,24033803521
W1M1_09000261,24033800409
W1M1_09000273,24033801702
W1M1_09000291,24033802805
W1M1_09000294,24033801500
W1M1_09000317,24033801905
W1M1_09000345,24033801208
W1M1_09000346,24033801406
W1M1_09000358,24033802203
W1M1_09000370,24033803300
W1M1_09000371,24033802204
W1M1_09000374,24033803508
W1M1_09000381,24033800604
W1M1_09000387,24033800514
W1M1_09000393,24033802803
W1M1_09000410,24033802407
W1M1_09000420,24033800410
W1M1_09000442,24033801807
W1M1_09000467,24033801209
W1M1_09000469,24033800520
W1M1_09000473,24033801005
W1M1_09000484,24033801312
W1M1_09000488,24033801905
W1M1_09000517,24033800516
W1M1_09000525,24033803516
W1M1_09000548,24033801312
W1M1_09000560,24033801808
W1M1_09000564,24033800517
W1M1_09000566,24033801707
W1M1_09000613,24033802803
W1M1_09000635,24033801212
W1M1_09000644,24033801213
W1M1_09000683,24033800514
W1M1_09000718,24033801006
W1M1_09000721,24033803512
W1M1_09000737,24033803520
W1M1_09000752,24033800411
W1M1_09000757,24033801209
W1M1_09000759,24033801808
W1M1_09000761,24033803527
W1M1_09000773,24033800519
W1M1_09000779,24033803402
W1M1_09000780,24033801210
W1M1_09000791,24033801212
W1M1_09000793,24033801310
W1M1_09000802,24033801407
W1M1_09000821,24033800517
W1M1_09000823,24033800706
W1M1_09000829,24033802104
W1M1_09000833,24033800515
W1M1_09000851,24033801210
W1M1_09000903,24033801209
W1M1_09000910,24033802203
W1M1_09000938,24033803613
W1M1_09000947,24033800408
W1M1_09000949,24033801208
W1M1_09000950,24033800409
W1M1_09000970,24033800409
W1M1_09000984,24033800701
W1M1_09001002,24033800413
W1M1_09001013,24033800607
W1M1_09001033,24033803524
W1M1_09001038,24033800707
W1M1_10000002,51013101803
W1M1_10000007,51013102901
W1M1_10000009,51510200900
W1M1_10000010,51510200302
W1M1_10000011,51013100200
W1M1_10000017,51013101701
W1M1_10000022,51013102400
W1M1_10000026,51510201300
W1M1_10000035,51013101702
W1M1_10000039,51013102902
W1M1_10000042,51013103402
W1M1_10000046,51510200802
W1M1_10000049,51013100400
W1M1_10000052,51510201000
W1M1_10000053,51013101500
W1M1_10000057,51510200201
W1M1_10000058,51013102003
W1M1_10000067,51013100200
W1M1_10000070,51013101000
W1M1_10000088,51013101000
W1M1_10000096,51510200900
W1M1_10000105,51013101702
W1M1_10000108,51013101403
W1M1_10000113,51013101404
W1M1_10000115,51510201000
W1M1_10000146,51510201801
W1M1_10000149,51013103503
W1M1_10000159,51510201500
W1M1_10000163,51510200801
W1M1_10000165,51013101900
W1M1_10000167,51510200702
W1M1_10000182,51013103501
W1M1_10000187,51013100700
W1M1_10000192,51013102902
W1M1_10000200,51013100700
W1M1_10000203,51510200404
W1M1_10000205,51013103402
W1M1_10000207,51013101402
W1M1_10000212,51013101200
W1M1_10000213,51013101601
W1M1_11000008,51013102801
W1M1_11000026,51013103200
W1M1_11000061,51510201203
W1M1_11000062,51013103200
W1M1_11000063,51013102003
W1M1_11000070,51510200600
W1M1_11000083,51013102400
W1M1_11000120,51013102003
W1M1_11000121,51013102003
W1M1_11000163,51013102200
W1M1_11000169,51510201203
W1M1_11000171,51013102600
W1M1_11000194,51013101802
W1M1_11000203,51013102600
W1M1_11000205,51013102001
W1M1_11000208,51013102200
W1M1_11000210,51013102003
W1M1_11000212,51510200104
W1M1_11000225,51013102600
W1M1_11000243,51013102400
W1M1_11000246,51013102200
W1M1_11000247,51013102003
W1M1_11000258,51510201203
W1M1_11000260,51013102400
W1M1_11000264,51510201204
W1M1_11000267,51013102400
W1M1_11000286,51013102200
W1M1_11000320,51013101802
W1M1_11000332,51510200302
W1M1_11000351,51510200104
W1M1_11000355,51013102701
W1M1_11000359,51013102600
W1M1_11000365,51013102003
W1M1_11000390,51013102200
W1M1_11000391,51510201203
W1M1_11000425,51510200103
W1M1_11000429,51510200406
W1M1_11000431,51013102302
W1M1_11000432,51013103100
W1M1_11000436,51013102200
W1M1_11000475,51013102200
W1M1_11000476,51013102302
W1M1_11000486,51013102003
W1M1_11000490,51013102001
W1M1_12000004,51510200600
W1M1_12000009,51510200107
W1M1_12000014,51510201802
W1M1_12000016,51510200405
W1M1_12000032,51510200405
W1M1_12000088,51510200500
W1M1_12000089,51510200406
W1M1_12000124,51510200407
W1M1_12000131,51510200301
W1M1_12000139,51013103800
W1M1_12000143,51510200303
W1M1_12000150,51510200600
W1M1_12000159,51510200105
W1M1_12000160,51510200303
W1M1_12000164,51510201600
W1M1_12000174,51510200301
W1M1_12000177,51510200407
W1M1_12000189,51013102801
W1M1_12000195,51510200105
W1M1_12000197,51510200406
W1M1_12000219,51510200303
W1M1_12000232,51510201600
W1M1_12000290,51510200600
W1M1_12000293,51510200407
W1M1_12000308,51510200500
W1M1_12000310,51510200600
W1M1_12000325,51510200105
W1M1_12000346,51510200600
W1M1_12000356,51510200500
W1M1_12000360,51510200407
W1M1_12000370,51510200406
W1M1_12000383,51013103502
W1M1_12000384,51510200301
W1M1_12000395,51510200105
W1M1_12000398,51510200107
W1M1_12000403,51013103100
W1M1_12000412,51510200405
W1M1_12000475,51510200407
W1M1_12000491,51510200406
W1M1_12000494,51510200802
W1M1_12000498,51510200407
W1M1_12000523,51510201801
W1M1_12000556,51013103402
W1M1_12000561,51013103300
W1M1_12000565,51510200406
W1M1_12000567,51510200405
W1M1_12000584,51510200405
W1M1_12000588,51510201802
W1M1_12000590,51510200600
W1M1_12000603,51510201600
W1M1_12000605,51510201802
W1M1_12000613,51510200406
W1M1_12000614,51013102500
W1M1_12000616,51510200407
W1M1_12000622,51510200405
W1M1_12000623,51510200703
W1M1_12000632,51013103100
W1M1_12000633,51510200407
W1M1_12000652,51013103300
W1M1_12000655,51510201600
W1M1_12000669,51510200500
W1M1_12000675,51510200103
W1M1_12000677,51510200407
W1M1_12000678,51510201801
W1M1_12000679,51510200301
W1M1_12000681,51510200107
W1M1_12000692,51013101701
W1M1_12000702,51013103402
W1M1_12000708,51510200407
W1M1_12000719,51013103402
W1M1_12000720,51510200407
W1M1_12000726,51510200405
W1M1_12000736,51510200500
W1M1_12000737,51013102801
W1M1_12000761,51013103502
W1M1_12000773,51013103800
W1M1_12000779,51510200500
W1M1_12000783,51510200405
W1M1_12000812,51510200500
W1M1_12000814,51510200105
W1M1_12000820,51013102500
W1M1_12000828,51013103800
W1M1_12000848,51510200405
W1M1_12000849,51510200405
W1M1_12000850,51510200405
W1M1_12000852,51510200500
W1M1_12000867,51510200500
W1M1_12000881,51510200105
W1M1_12000884,51510200103
W1M1_12000889,51013103100
W1M1_12000892,51510200107
W1M1_12000902,51510200303
W1M1_12000904,51510200600
W1M1_12000916,51510200303
W1M1_12000924,51510200106
W1M1_12000931,51510200303
W1M1_12000943,51013102801
W1M1_12000951,51510200201
W1M1_12000968,51510201801
W1M1_12000979,51510200107
W1M1_12000980,51510201600
W1M1_12000981,51510200107
W1M1_12000984,51510201600
W1M1_12000991,51510201802
W1M1_12000998,51510200406
W1M1_12001000,51510200407
W1M1_12001008,51510201801
W1M1_12001011,51510200500
W1M1_13000003,51059452101
W1M1_13000013,51059460502
W1M1_13000018,51059482302
W1M1_13000029,51059490101
W1M1_13000035,51059431900
W1M1_13000036,51059492100
W1M1_13000037,51059492100
W1M1_13000038,51059471304
W1M1_13000040,51059432401
W1M1_13000043,51059482601
W1M1_13000053,51059481105
W1M1_13000057,51059432401
W1M1_13000080,51059480802
W1M1_13000082,51059440600
W1M1_13000083,51059440201
W1M1_13000092,51059482501
W1M1_13000098,51600300200
W1M1_13000103,51059461100
W1M1_13000112,51059492500
W1M1_13000113,51059491801
W1M1_13000126,51059431600
W1M1_13000129,51059460800
W1M1_13000139,51059460400
W1M1_13000140,51059431001
W1M1_13000143,51059471301
W1M1_13000153,51059461802
W1M1_13000170,51059461201
W1M1_13000178,51059420700
W1M1_13000188,51059491502
W1M1_13000189,51059480503
W1M1_13000196,51059482601
W1M1_13000210,51059480502
W1M1_13000218,51059415200
W1M1_13000228,51059492100
W1M1_13000230,51059422201
W1M1_13000234,51059430700
W1M1_13000244,51059431600
W1M1_13000248,51059490101
W1M1_13000249,51059481106
W1M1_13000251,51059480300
W1M1_13000253,51059491202
W1M1_13000256,51059421001
W1M1_13000272,51059490103
W1M1_13000286,51059451502
W1M1_13000288,51059431900
W1M1_13000293,51059492202
W1M1_13000296,51059481400
W1M1_13000304,51059480503
W1M1_13000305,51059431801
W1M1_13000311,51059492500
W1M1_13000314,51059491705
W1M1_13000323,51059471202
W1M1_13000324,51059421103
W1M1_13000325,51059451300
W1M1_13000336,51059480401
W1M1_13000340,51059432202
W1M1_13000353,51059491501
W1M1_13000362,51059492300
W1M1_13000364,51059440201
W1M1_13000389,51059430400
W1M1_13000390,51059430802
W1M1_13000392,51059480902
W1M1_13000394,51059431600
W1M1_13000396,51059415300
W1M1_13000398,51059415200
W1M1_13000407,51059422301
W1M1_13000409,51059482501
W1M1_13000414,51059452802
W1M1_13000419,51059460200
W1M1_13000420,51059461000
W1M1_13000422,51059440800
W1M1_13000433,51059491705
W1M1_13000436,51059430400
W1M1_13000444,51059481400
W1M1_13000452,51059471100
W1M1_13000462,51059422401
W1M1_13000463,51059482001
W1M1_13000465,51059430802
W1M1_13000473,51059422202
W1M1_13000476,51059481701
W1M1_13000482,51059430801
W1M1_13000488,51059461202
W1M1_13000506,51059450701
W1M1_13000510,51059461802
W1M1_13000532,51059460900
W1M1_13000533,51059460501
W1M1_13000544,51059440800
W1M1_13000545,51059492202
W1M1_13000549,51059482303
W1M1_13000559,51059491302
W1M1_13000562,51059491501
W1M1_13000580,51059470100
W1M1_13000582,51059481500
W1M1_13000587,51059470900
W1M1_13000597,51059416000
W1M1_13000598,51059440702
W1M1_13000606,51610500300
W1M1_13000608,51059450701
W1M1_13000612,51059450200
W1M1_13000616,51059471000
W1M1_13000622,51059480202
W1M1_13000626,51059470500
W1M1_13000641,51059491801
W1M1_13000663,51059440501
W1M1_13000669,51059452101
W1M1_13000670,51600300100
W1M1_13000689,51059482203
W1M1_13000696,51059480203
W1M1_13000703,51059440701
W1M1_13000711,51059482202
W1M1_13000713,51059430201
W1M1_13000720,51059432402
W1M1_13000724,51059481106
W1M1_13000728,51059491000
W1M1_13000731,51059421400
W1M1_13000732,51059450200
W1M1_13000733,51059431300
W1M1_13000736,51600300300
W1M1_13000751,51059491502
W1M1_13000753,51600300500
W1M1_13000767,51059482502
W1M1_13000771,51059481106
W1M1_13000775,51059482002
W1M1_13000779,51059460100
W1M1_13000792,51059416100
W1M1_14000002,51059451502
W1M1_14000006,51600300100
W1M1_14000009,51059451501
W1M1_14000010,51059461902
W1M1_14000013,51059491103
W1M1_14000055,51059451100
W1M1_14000059,51059452700
W1M1_14000084,51059452801
W1M1_14000087,51059430600
W1M1_14000093,51600300400
W1M1_14000095,51059421800
W1M1_14000107,51059415100
W1M1_14000109,51059452400
W1M1_14000124,51059452801
W1M1_14000138,51059451502
W1M1_14000139,51059420503
W1M1_14000141,51059452801
W1M1_14000143,51059440202
W1M1_14000147,51059451400
W1M1_14000158,51059440202
W1M1_14000162,51059421702
W1M1_14000180,51059452700
W1M1_14000199,51059491103
W1M1_14000208,51059415300
W1M1_14000210,51059491301
W1M1_14000217,51059471402
W1M1_14000225,51059421400
W1M1_14000246,51059450300
W1M1_14000247,51059431802
W1M1_14000256,51059482302
W1M1_14000266,51059420600
W1M1_14000270,51059421400
W1M1_14000273,51059491103
W1M1_14000274,51059452200
W1M1_14000301,51059421701
W1M1_14000302,51059450100
W1M1_14000303,51059452801
W1M1_14000304,51059471402
W1M1_14000311,51059421702
W1M1_14000312,51059452200
W1M1_14000316,51059415100
W1M1_14000330,51059480901
W1M1_14000334,51059450300
W1M1_14000338,51059490501
W1M1_14000363,51059450800
W1M1_14000373,51059451502
W1M1_14000402,51059491303
W1M1_14000403,51059420800
W1M1_14000412,51059491103
W1M1_14000429,51059420600
W1M1_14000432,51059421702
W1M1_14000449,51600300400
W1M1_14000460,51059430902
W1M1_14000493,51059450601
W1M1_14000495,51059450500
W1M1_14000498,51059491303
W1M1_14000506,51059420600
W1M1_15000020,51059481103
W1M1_15000039,51059421002
W1M1_15000045,51059481900
W1M1_15000053,51059416200
W1M1_15000056,51059422101
W1M1_15000057,51059461901
W1M1_15000069,51059422000
W1M1_15000072,51059421002
W1M1_15000087,51059452801
W1M1_15000091,51059420600
W1M1_15000095,51059421002
W1M1_15000101,51059422102
W1M1_15000106,51059421500
W1M1_15000120,51059422000
W1M1_15000121,51059421102
W1M1_15000122,51059482501
W1M1_15000123,51059452801
W1M1_15000139,51059421101
W1M1_15000152,51059482100
W1M1_15000162,51059415500
W1M1_15000163,51059481900
W1M1_15000175,51059422000
W1M1_15000206,51059421800
W1M1_15000210,51059422102
W1M1_15000211,51059452700
W1M1_15000212,51059422101
W1M1_15000232,51059422102
W1M1_15000242,51059420201
W1M1_15000261,51059481900
W1M1_15000262,51059422000
W1M1_15000277,51059421102
W1M1_15000289,51059422202
W1M1_15000294,51059422101
W1M1_15000301,51059416000
W1M1_15000304,51059421800
W1M1_15000317,51059421002
W1M1_15000327,51059421101
W1M1_15000335,51059421102
W1M1_15000340,51059420400
W1M1_15000341,51059422302
W1M1_15000354,51059482100
W1M1_15000356,51059452600
W1M1_15000360,51059422102
W1M1_15000386,51059420202
W1M1_15000389,51059415402
W1M1_15000402,51059421102
W1M1_15000409,51059420600
W1M1_15000410,51059452600
